{
	"description":"An application's scene instance declarations", 
	"type": "object",
	"properties":{
		"type": {
			"type": "string",
			"description": "Scene Instance Type (Class)"
		},
		"models": {
			"type": "array",
			"items": {"$ref": "/jdoe/test/schema/model"}
		},
		"views": {
			"type": "array",
			"items": {
				"type": "object",
				"properties" : {
					"id": {
						"type": "string"
					},
					"view": "$ref": "/jdoe/test/schema/view",
					"params": {
						"type": "object"
					}
				}
		}
	},
	"additionalProperties": true
}
